{"total_energy":300.5578784421922,"power_avg":1.2217799936674478,"duration":49.2}