{"total_energy":294.20249143619503,"power_avg":0.6142014434993633,"duration":47.9}