{"total_energy":294.9745008789065,"power_avg":1.2039775546077816,"duration":49}