{"total_energy":307.2204879091263,"power_avg":1.223986007606081,"duration":50.2}