{"total_energy":307.409465051174,"power_avg":1.2247389045863506,"duration":50.2}