{"total_energy":300.1976481075287,"power_avg":6.003952962150574,"duration":50}