{"total_energy":244.3014314970969,"power_avg":0.6345491727197322,"duration":38.5}