{"total_energy":296.26254273414605,"power_avg":6.046174341513185,"duration":49}