{"total_energy":294.4765545488355,"power_avg":0.6147736003107213,"duration":47.9}