{"total_energy":294.78778346624364,"power_avg":0.6115929117556922,"duration":48.2}