{"total_energy":243.8995733792542,"power_avg":0.6351551390084745,"duration":38.4}