{"total_energy":297.87814902849215,"power_avg":1.2208120861823448,"duration":48.8}