{"total_energy":247.6446495334623,"power_avg":0.6349862808550316,"duration":39}