{"total_energy":294.6468887059211,"power_avg":1.2075692160078735,"duration":48.8}