{"total_energy":294.8449030970573,"power_avg":1.2083807503977757,"duration":48.8}