{"total_energy":296.2378155051709,"power_avg":0.6197443839020311,"duration":47.8}