{"total_energy":298.33076813459394,"power_avg":6.088383023154979,"duration":49}