{"total_energy":245.08398798737508,"power_avg":0.6349326113662567,"duration":38.6}