{"total_energy":295.36880642042144,"power_avg":1.2307033600850894,"duration":48}