{"total_energy":315.3668899350168,"power_avg":6.064747883365707,"duration":52}