{"total_energy":243.96256325058934,"power_avg":0.6353191751317431,"duration":38.4}