{"total_energy":302.01920712242105,"power_avg":1.2178193835581494,"duration":49.6}