{"total_energy":290.72758193249706,"power_avg":0.6185693232606321,"duration":47}