{"total_energy":245.93732622122744,"power_avg":0.6354969669799159,"duration":38.7}