{"total_energy":299.5663625442506,"power_avg":1.227730994033814,"duration":48.8}