{"total_energy":292.07646877570164,"power_avg":0.6148978290014772,"duration":47.5}