{"total_energy":247.71513172030447,"power_avg":0.6351670044110371,"duration":39}