{"total_energy":310.22647818908683,"power_avg":1.2261916133956001,"duration":50.6}