{"total_energy":247.2112050298691,"power_avg":0.6338748846919721,"duration":39}