{"total_energy":294.3967593024254,"power_avg":1.2215633166075741,"duration":48.2}