{"total_energy":292.5647009566306,"power_avg":1.203969962784488,"duration":48.6}