{"total_energy":321.8978207926749,"power_avg":6.073543788541036,"duration":53}