{"total_energy":303.17223405432674,"power_avg":0.6212545779801777,"duration":48.8}