{"total_energy":243.2013298136709,"power_avg":0.6349904172680703,"duration":38.3}