{"total_energy":313.8052162823676,"power_avg":6.153043456517012,"duration":51}