{"total_energy":319.4615548975467,"power_avg":6.027576507500881,"duration":53}