{"total_energy":296.3775475327967,"power_avg":0.6213365776368904,"duration":47.7}