{"total_energy":302.5033797678947,"power_avg":6.050067595357895,"duration":50}