{"total_energy":246.52827911081297,"power_avg":0.6353821626567344,"duration":38.8}