{"total_energy":305.8858379262445,"power_avg":0.6204580890998874,"duration":49.3}