{"total_energy":245.11076456809022,"power_avg":0.6350019807463477,"duration":38.6}