{"total_energy":245.1381879874705,"power_avg":0.6350730258742759,"duration":38.6}