{"total_energy":247.5813991329191,"power_avg":0.6348241003408183,"duration":39}