{"total_energy":249.58580205054267,"power_avg":0.6350783767189381,"duration":39.3}