{"total_energy":245.55433894598497,"power_avg":0.6345073357777389,"duration":38.7}