{"total_energy":241.3491077259063,"power_avg":0.6351292308576482,"duration":38}