{"total_energy":241.8110727719785,"power_avg":0.6346747316849829,"duration":38.1}