{"total_energy":295.35325437827106,"power_avg":0.6178938376114458,"duration":47.8}