{"total_energy":299.05948928346606,"power_avg":1.225653644604369,"duration":48.8}