{"total_energy":247.41834704022398,"power_avg":0.6344060180518564,"duration":39}