{"total_energy":298.94806596050256,"power_avg":1.215236040489848,"duration":49.2}