{"total_energy":305.98956516170506,"power_avg":6.119791303234101,"duration":50}