{"total_energy":295.04168037633895,"power_avg":1.21416329372979,"duration":48.6}