{"total_energy":253.12645123925213,"power_avg":0.635996108641337,"duration":39.8}