{"total_energy":302.5170974123002,"power_avg":1.2198270056947589,"duration":49.6}