{"total_energy":292.4608330974578,"power_avg":1.2035425230348058,"duration":48.6}