{"total_energy":298.0133228385926,"power_avg":1.2213660772073467,"duration":48.8}